,ENCODED_ID,count
0,rn_A10_1,0
1,rn_A10_10,22
2,rn_A10_11,22
3,rn_A10_12,0
4,rn_A10_13,0
5,rn_A10_14,0
6,rn_A10_15,0
7,rn_A10_16,22
8,rn_A10_17,22
9,rn_A10_18,28
10,rn_A10_19,29
11,rn_A10_2,22
12,rn_A10_20,40
13,rn_A10_21,40
14,rn_A10_22,30
15,rn_A10_23,27
16,rn_A10_24,22
17,rn_A10_25,22
18,rn_A10_26,0
19,rn_A10_27,0
20,rn_A10_28,0
21,rn_A10_29,0
22,rn_A10_3,24
23,rn_A10_30,0
24,rn_A10_31,0
25,rn_A10_32,0
26,rn_A10_33,0
27,rn_A10_34,0
28,rn_A10_35,0
29,rn_A10_36,0
30,rn_A10_4,27
31,rn_A10_5,26
32,rn_A10_6,36
33,rn_A10_7,36
34,rn_A10_8,28
35,rn_A10_9,25
36,rn_A11_1,0
37,rn_A11_10,26
38,rn_A11_11,22
39,rn_A11_12,0
40,rn_A11_13,0
41,rn_A11_14,0
42,rn_A11_15,0
43,rn_A11_16,26
44,rn_A11_17,22
45,rn_A11_18,33
46,rn_A11_19,28
47,rn_A11_2,24
48,rn_A11_20,42
49,rn_A11_21,42
50,rn_A11_22,33
51,rn_A11_23,28
52,rn_A11_24,26
53,rn_A11_25,22
54,rn_A11_26,0
55,rn_A11_27,0
56,rn_A11_28,0
57,rn_A11_29,0
58,rn_A11_3,26
59,rn_A11_30,0
60,rn_A11_31,0
61,rn_A11_32,0
62,rn_A11_33,0
63,rn_A11_34,0
64,rn_A11_35,0
65,rn_A11_36,0
66,rn_A11_4,33
67,rn_A11_5,28
68,rn_A11_6,42
69,rn_A11_7,42
70,rn_A11_8,33
71,rn_A11_9,28
72,rn_A12_1,0
73,rn_A12_10,26
74,rn_A12_11,22
75,rn_A12_12,0
76,rn_A12_13,0
77,rn_A12_14,0
78,rn_A12_15,0
79,rn_A12_16,26
80,rn_A12_17,22
81,rn_A12_18,33
82,rn_A12_19,28
83,rn_A12_2,28
84,rn_A12_20,42
85,rn_A12_21,42
86,rn_A12_22,33
87,rn_A12_23,28
88,rn_A12_24,26
89,rn_A12_25,22
90,rn_A12_26,0
91,rn_A12_27,0
92,rn_A12_28,0
93,rn_A12_29,0
94,rn_A12_3,22
95,rn_A12_30,0
96,rn_A12_31,0
97,rn_A12_32,0
98,rn_A12_33,0
99,rn_A12_34,0
100,rn_A12_35,0
101,rn_A12_36,0
102,rn_A12_4,33
103,rn_A12_5,28
104,rn_A12_6,42
105,rn_A12_7,42
106,rn_A12_8,33
107,rn_A12_9,28
108,rn_A13_1,0
109,rn_A13_10,24
110,rn_A13_11,24
111,rn_A13_12,0
112,rn_A13_13,0
113,rn_A13_14,0
114,rn_A13_15,0
115,rn_A13_16,23
116,rn_A13_17,21
117,rn_A13_18,32
118,rn_A13_19,29
119,rn_A13_2,23
120,rn_A13_20,40
121,rn_A13_21,40
122,rn_A13_22,28
123,rn_A13_23,25
124,rn_A13_24,18
125,rn_A13_25,22
126,rn_A13_26,0
127,rn_A13_27,0
128,rn_A13_28,0
129,rn_A13_29,0
130,rn_A13_3,23
131,rn_A13_30,0
132,rn_A13_31,0
133,rn_A13_32,0
134,rn_A13_33,0
135,rn_A13_34,0
136,rn_A13_35,0
137,rn_A13_36,0
138,rn_A13_4,32
139,rn_A13_5,29
140,rn_A13_6,38
141,rn_A13_7,38
142,rn_A13_8,31
143,rn_A13_9,26
144,rn_A14_1,0
145,rn_A14_10,23
146,rn_A14_11,25
147,rn_A14_12,0
148,rn_A14_13,0
149,rn_A14_14,0
150,rn_A14_15,0
151,rn_A14_16,22
152,rn_A14_17,22
153,rn_A14_18,28
154,rn_A14_19,21
155,rn_A14_2,22
156,rn_A14_20,34
157,rn_A14_21,34
158,rn_A14_22,28
159,rn_A14_23,21
160,rn_A14_24,20
161,rn_A14_25,20
162,rn_A14_26,0
163,rn_A14_27,0
164,rn_A14_28,0
165,rn_A14_29,0
166,rn_A14_3,20
167,rn_A14_30,0
168,rn_A14_31,0
169,rn_A14_32,0
170,rn_A14_33,0
171,rn_A14_34,0
172,rn_A14_35,0
173,rn_A14_36,0
174,rn_A14_4,29
175,rn_A14_5,28
176,rn_A14_6,38
177,rn_A14_7,34
178,rn_A14_8,31
179,rn_A14_9,26
180,rn_A15_1,0
181,rn_A15_10,22
182,rn_A15_11,22
183,rn_A15_12,0
184,rn_A15_13,0
185,rn_A15_14,0
186,rn_A15_15,0
187,rn_A15_16,22
188,rn_A15_17,22
189,rn_A15_18,28
190,rn_A15_19,25
191,rn_A15_2,24
192,rn_A15_20,38
193,rn_A15_21,34
194,rn_A15_22,28
195,rn_A15_23,25
196,rn_A15_24,22
197,rn_A15_25,22
198,rn_A15_26,0
199,rn_A15_27,0
200,rn_A15_28,0
201,rn_A15_29,0
202,rn_A15_3,18
203,rn_A15_30,0
204,rn_A15_31,0
205,rn_A15_32,0
206,rn_A15_33,0
207,rn_A15_34,0
208,rn_A15_35,0
209,rn_A15_36,0
210,rn_A15_4,28
211,rn_A15_5,25
212,rn_A15_6,34
213,rn_A15_7,34
214,rn_A15_8,28
215,rn_A15_9,25
216,rn_A16_1,0
217,rn_A16_10,22
218,rn_A16_11,22
219,rn_A16_12,0
220,rn_A16_13,0
221,rn_A16_14,0
222,rn_A16_15,0
223,rn_A16_16,22
224,rn_A16_17,22
225,rn_A16_18,31
226,rn_A16_19,26
227,rn_A16_2,24
228,rn_A16_20,38
229,rn_A16_21,38
230,rn_A16_22,32
231,rn_A16_23,29
232,rn_A16_24,24
233,rn_A16_25,24
234,rn_A16_26,0
235,rn_A16_27,0
236,rn_A16_28,0
237,rn_A16_29,0
238,rn_A16_3,18
239,rn_A16_30,0
240,rn_A16_31,0
241,rn_A16_32,0
242,rn_A16_33,0
243,rn_A16_34,0
244,rn_A16_35,0
245,rn_A16_36,0
246,rn_A16_4,28
247,rn_A16_5,25
248,rn_A16_6,35
249,rn_A16_7,37
250,rn_A16_8,31
251,rn_A16_9,26
252,rn_A17_1,0
253,rn_A17_10,24
254,rn_A17_11,24
255,rn_A17_12,0
256,rn_A17_13,0
257,rn_A17_14,0
258,rn_A17_15,0
259,rn_A17_16,23
260,rn_A17_17,21
261,rn_A17_18,32
262,rn_A17_19,29
263,rn_A17_2,24
264,rn_A17_20,40
265,rn_A17_21,40
266,rn_A17_22,28
267,rn_A17_23,25
268,rn_A17_24,18
269,rn_A17_25,22
270,rn_A17_26,0
271,rn_A17_27,0
272,rn_A17_28,0
273,rn_A17_29,0
274,rn_A17_3,22
275,rn_A17_30,0
276,rn_A17_31,0
277,rn_A17_32,0
278,rn_A17_33,0
279,rn_A17_34,0
280,rn_A17_35,0
281,rn_A17_36,0
282,rn_A17_4,32
283,rn_A17_5,29
284,rn_A17_6,38
285,rn_A17_7,38
286,rn_A17_8,31
287,rn_A17_9,26
288,rn_A18_1,0
289,rn_A18_10,24
290,rn_A18_11,24
291,rn_A18_12,0
292,rn_A18_13,0
293,rn_A18_14,0
294,rn_A18_15,0
295,rn_A18_16,23
296,rn_A18_17,21
297,rn_A18_18,32
298,rn_A18_19,29
299,rn_A18_2,24
300,rn_A18_20,40
301,rn_A18_21,40
302,rn_A18_22,28
303,rn_A18_23,25
304,rn_A18_24,18
305,rn_A18_25,22
306,rn_A18_26,0
307,rn_A18_27,0
308,rn_A18_28,0
309,rn_A18_29,0
310,rn_A18_3,22
311,rn_A18_30,0
312,rn_A18_31,0
313,rn_A18_32,0
314,rn_A18_33,0
315,rn_A18_34,0
316,rn_A18_35,0
317,rn_A18_36,0
318,rn_A18_4,29
319,rn_A18_5,32
320,rn_A18_6,38
321,rn_A18_7,38
322,rn_A18_8,31
323,rn_A18_9,26
324,rn_A19_1,0
325,rn_A19_10,26
326,rn_A19_11,22
327,rn_A19_12,0
328,rn_A19_13,0
329,rn_A19_14,0
330,rn_A19_15,0
331,rn_A19_16,26
332,rn_A19_17,22
333,rn_A19_18,33
334,rn_A19_19,28
335,rn_A19_2,24
336,rn_A19_20,42
337,rn_A19_21,42
338,rn_A19_22,33
339,rn_A19_23,28
340,rn_A19_24,26
341,rn_A19_25,22
342,rn_A19_26,0
343,rn_A19_27,0
344,rn_A19_28,0
345,rn_A19_29,0
346,rn_A19_3,26
347,rn_A19_30,0
348,rn_A19_31,0
349,rn_A19_32,0
350,rn_A19_33,0
351,rn_A19_34,0
352,rn_A19_35,0
353,rn_A19_36,0
354,rn_A19_4,33
355,rn_A19_5,28
356,rn_A19_6,42
357,rn_A19_7,42
358,rn_A19_8,33
359,rn_A19_9,28
360,rn_A1_1,0
361,rn_A1_10,22
362,rn_A1_11,22
363,rn_A1_12,0
364,rn_A1_13,0
365,rn_A1_14,0
366,rn_A1_15,0
367,rn_A1_16,22
368,rn_A1_17,22
369,rn_A1_18,29
370,rn_A1_19,28
371,rn_A1_2,24
372,rn_A1_20,36
373,rn_A1_21,36
374,rn_A1_22,28
375,rn_A1_23,21
376,rn_A1_24,20
377,rn_A1_25,20
378,rn_A1_26,0
379,rn_A1_27,0
380,rn_A1_28,0
381,rn_A1_29,0
382,rn_A1_3,22
383,rn_A1_30,0
384,rn_A1_31,0
385,rn_A1_32,0
386,rn_A1_33,0
387,rn_A1_34,0
388,rn_A1_4,29
389,rn_A1_5,28
390,rn_A1_6,38
391,rn_A1_7,34
392,rn_A1_8,29
393,rn_A1_9,24
394,rn_A20_1,0
395,rn_A20_10,26
396,rn_A20_11,22
397,rn_A20_12,0
398,rn_A20_13,0
399,rn_A20_14,0
400,rn_A20_15,0
401,rn_A20_16,26
402,rn_A20_17,22
403,rn_A20_18,33
404,rn_A20_19,28
405,rn_A20_2,28
406,rn_A20_20,42
407,rn_A20_21,42
408,rn_A20_22,33
409,rn_A20_23,28
410,rn_A20_24,26
411,rn_A20_25,22
412,rn_A20_26,0
413,rn_A20_27,0
414,rn_A20_28,0
415,rn_A20_29,0
416,rn_A20_3,22
417,rn_A20_30,0
418,rn_A20_31,0
419,rn_A20_32,0
420,rn_A20_33,0
421,rn_A20_34,0
422,rn_A20_4,33
423,rn_A20_5,28
424,rn_A20_6,42
425,rn_A20_7,42
426,rn_A20_8,33
427,rn_A20_9,28
428,rn_A2_1,0
429,rn_A2_10,22
430,rn_A2_11,22
431,rn_A2_12,0
432,rn_A2_13,0
433,rn_A2_14,0
434,rn_A2_15,0
435,rn_A2_16,22
436,rn_A2_17,22
437,rn_A2_18,31
438,rn_A2_19,26
439,rn_A2_2,24
440,rn_A2_20,38
441,rn_A2_21,38
442,rn_A2_22,26
443,rn_A2_23,23
444,rn_A2_24,22
445,rn_A2_25,22
446,rn_A2_26,0
447,rn_A2_27,0
448,rn_A2_28,0
449,rn_A2_29,0
450,rn_A2_3,22
451,rn_A2_30,0
452,rn_A2_31,0
453,rn_A2_32,0
454,rn_A2_33,0
455,rn_A2_34,0
456,rn_A2_35,0
457,rn_A2_36,0
458,rn_A2_4,29
459,rn_A2_5,28
460,rn_A2_6,38
461,rn_A2_7,34
462,rn_A2_8,28
463,rn_A2_9,25
464,rn_A3_1,0
465,rn_A3_10,22
466,rn_A3_11,22
467,rn_A3_12,0
468,rn_A3_13,0
469,rn_A3_14,0
470,rn_A3_15,0
471,rn_A3_16,22
472,rn_A3_17,22
473,rn_A3_18,29
474,rn_A3_19,28
475,rn_A3_2,24
476,rn_A3_20,38
477,rn_A3_21,38
478,rn_A3_22,28
479,rn_A3_23,25
480,rn_A3_24,22
481,rn_A3_25,22
482,rn_A3_26,0
483,rn_A3_27,0
484,rn_A3_28,0
485,rn_A3_29,0
486,rn_A3_3,22
487,rn_A3_30,0
488,rn_A3_31,0
489,rn_A3_32,0
490,rn_A3_33,0
491,rn_A3_34,0
492,rn_A3_35,0
493,rn_A3_36,0
494,rn_A3_4,28
495,rn_A3_5,25
496,rn_A3_6,36
497,rn_A3_7,36
498,rn_A3_8,28
499,rn_A3_9,25
500,rn_A4_1,0
501,rn_A4_10,22
502,rn_A4_11,22
503,rn_A4_12,0
504,rn_A4_13,0
505,rn_A4_14,0
506,rn_A4_15,0
507,rn_A4_16,22
508,rn_A4_17,22
509,rn_A4_18,31
510,rn_A4_19,26
511,rn_A4_2,22
512,rn_A4_20,35
513,rn_A4_21,37
514,rn_A4_22,30
515,rn_A4_23,27
516,rn_A4_24,22
517,rn_A4_25,22
518,rn_A4_26,0
519,rn_A4_27,0
520,rn_A4_28,0
521,rn_A4_29,0
522,rn_A4_3,20
523,rn_A4_30,0
524,rn_A4_31,0
525,rn_A4_32,0
526,rn_A4_33,0
527,rn_A4_34,0
528,rn_A4_35,0
529,rn_A4_36,0
530,rn_A4_4,29
531,rn_A4_5,28
532,rn_A4_6,37
533,rn_A4_7,35
534,rn_A4_8,28
535,rn_A4_9,25
536,rn_A5_1,0
537,rn_A5_10,23
538,rn_A5_11,21
539,rn_A5_12,0
540,rn_A5_13,0
541,rn_A5_14,0
542,rn_A5_15,0
543,rn_A5_16,23
544,rn_A5_17,21
545,rn_A5_18,31
546,rn_A5_19,26
547,rn_A5_2,22
548,rn_A5_20,38
549,rn_A5_21,38
550,rn_A5_22,31
551,rn_A5_23,26
552,rn_A5_24,23
553,rn_A5_25,25
554,rn_A5_26,0
555,rn_A5_27,0
556,rn_A5_28,0
557,rn_A5_29,0
558,rn_A5_3,20
559,rn_A5_30,0
560,rn_A5_31,0
561,rn_A5_32,0
562,rn_A5_33,0
563,rn_A5_34,0
564,rn_A5_35,0
565,rn_A5_36,0
566,rn_A5_4,28
567,rn_A5_5,25
568,rn_A5_6,31
569,rn_A5_7,33
570,rn_A5_8,31
571,rn_A5_9,26
572,rn_A6_1,0
573,rn_A6_10,22
574,rn_A6_11,22
575,rn_A6_12,0
576,rn_A6_13,0
577,rn_A6_14,0
578,rn_A6_15,0
579,rn_A6_16,22
580,rn_A6_17,22
581,rn_A6_18,28
582,rn_A6_19,25
583,rn_A6_2,24
584,rn_A6_20,38
585,rn_A6_21,38
586,rn_A6_22,29
587,rn_A6_23,28
588,rn_A6_24,22
589,rn_A6_25,22
590,rn_A6_26,0
591,rn_A6_27,0
592,rn_A6_28,0
593,rn_A6_29,0
594,rn_A6_3,22
595,rn_A6_30,0
596,rn_A6_31,0
597,rn_A6_32,0
598,rn_A6_33,0
599,rn_A6_34,0
600,rn_A6_35,0
601,rn_A6_36,0
602,rn_A6_4,28
603,rn_A6_5,25
604,rn_A6_6,37
605,rn_A6_7,35
606,rn_A6_8,28
607,rn_A6_9,25
608,rn_A7_1,0
609,rn_A7_10,22
610,rn_A7_11,22
611,rn_A7_12,0
612,rn_A7_13,0
613,rn_A7_14,0
614,rn_A7_15,0
615,rn_A7_16,22
616,rn_A7_17,22
617,rn_A7_18,31
618,rn_A7_19,26
619,rn_A7_2,22
620,rn_A7_20,38
621,rn_A7_21,38
622,rn_A7_22,31
623,rn_A7_23,26
624,rn_A7_24,22
625,rn_A7_25,22
626,rn_A7_26,0
627,rn_A7_27,0
628,rn_A7_28,0
629,rn_A7_29,0
630,rn_A7_3,20
631,rn_A7_30,0
632,rn_A7_31,0
633,rn_A7_32,0
634,rn_A7_33,0
635,rn_A7_34,0
636,rn_A7_35,0
637,rn_A7_36,0
638,rn_A7_4,28
639,rn_A7_5,25
640,rn_A7_6,35
641,rn_A7_7,37
642,rn_A7_8,28
643,rn_A7_9,25
644,rn_A8_1,0
645,rn_A8_10,22
646,rn_A8_11,22
647,rn_A8_12,0
648,rn_A8_13,0
649,rn_A8_14,0
650,rn_A8_15,0
651,rn_A8_16,22
652,rn_A8_17,22
653,rn_A8_18,28
654,rn_A8_19,25
655,rn_A8_2,22
656,rn_A8_20,38
657,rn_A8_21,34
658,rn_A8_22,29
659,rn_A8_23,28
660,rn_A8_24,22
661,rn_A8_25,22
662,rn_A8_26,0
663,rn_A8_27,0
664,rn_A8_28,0
665,rn_A8_29,0
666,rn_A8_3,20
667,rn_A8_30,0
668,rn_A8_31,0
669,rn_A8_32,0
670,rn_A8_33,0
671,rn_A8_34,0
672,rn_A8_35,0
673,rn_A8_36,0
674,rn_A8_4,28
675,rn_A8_5,25
676,rn_A8_6,35
677,rn_A8_7,37
678,rn_A8_8,28
679,rn_A8_9,25
680,rn_A9_1,0
681,rn_A9_10,22
682,rn_A9_11,22
683,rn_A9_12,0
684,rn_A9_13,0
685,rn_A9_14,0
686,rn_A9_15,0
687,rn_A9_16,22
688,rn_A9_17,22
689,rn_A9_18,28
690,rn_A9_19,25
691,rn_A9_2,21
692,rn_A9_20,32
693,rn_A9_21,32
694,rn_A9_22,28
695,rn_A9_23,25
696,rn_A9_24,21
697,rn_A9_25,19
698,rn_A9_26,0
699,rn_A9_27,0
700,rn_A9_28,0
701,rn_A9_29,0
702,rn_A9_3,25
703,rn_A9_30,0
704,rn_A9_31,0
705,rn_A9_32,0
706,rn_A9_33,0
707,rn_A9_34,0
708,rn_A9_35,0
709,rn_A9_36,0
710,rn_A9_4,28
711,rn_A9_5,25
712,rn_A9_6,38
713,rn_A9_7,38
714,rn_A9_8,28
715,rn_A9_9,25
716,rn_B10_1,0
717,rn_B10_10,21
718,rn_B10_11,19
719,rn_B10_12,0
720,rn_B10_13,0
721,rn_B10_14,0
722,rn_B10_15,0
723,rn_B10_16,23
724,rn_B10_17,19
725,rn_B10_18,28
726,rn_B10_19,25
727,rn_B10_2,21
728,rn_B10_20,36
729,rn_B10_21,36
730,rn_B10_22,28
731,rn_B10_23,25
732,rn_B10_24,22
733,rn_B10_25,22
734,rn_B10_26,0
735,rn_B10_27,0
736,rn_B10_28,0
737,rn_B10_29,0
738,rn_B10_3,19
739,rn_B10_30,0
740,rn_B10_31,0
741,rn_B10_32,0
742,rn_B10_33,0
743,rn_B10_34,0
744,rn_B10_35,0
745,rn_B10_36,0
746,rn_B10_4,28
747,rn_B10_5,25
748,rn_B10_6,35
749,rn_B10_7,37
750,rn_B10_8,28
751,rn_B10_9,25
752,rn_B11_1,0
753,rn_B11_10,22
754,rn_B11_11,22
755,rn_B11_12,0
756,rn_B11_13,0
757,rn_B11_14,0
758,rn_B11_15,0
759,rn_B11_16,24
760,rn_B11_17,22
761,rn_B11_18,28
762,rn_B11_19,25
763,rn_B11_2,23
764,rn_B11_20,35
765,rn_B11_21,37
766,rn_B11_22,27
767,rn_B11_23,22
768,rn_B11_24,20
769,rn_B11_25,20
770,rn_B11_26,0
771,rn_B11_27,0
772,rn_B11_28,0
773,rn_B11_29,0
774,rn_B11_3,21
775,rn_B11_30,0
776,rn_B11_31,0
777,rn_B11_32,0
778,rn_B11_33,0
779,rn_B11_34,0
780,rn_B11_35,0
781,rn_B11_36,0
782,rn_B11_4,31
783,rn_B11_5,26
784,rn_B11_6,36
785,rn_B11_7,36
786,rn_B11_8,31
787,rn_B11_9,26
788,rn_B12_1,0
789,rn_B12_10,22
790,rn_B12_11,22
791,rn_B12_12,0
792,rn_B12_13,0
793,rn_B12_14,0
794,rn_B12_15,0
795,rn_B12_16,25
796,rn_B12_17,21
797,rn_B12_18,30
798,rn_B12_19,27
799,rn_B12_2,20
800,rn_B12_20,38
801,rn_B12_21,38
802,rn_B12_22,31
803,rn_B12_23,26
804,rn_B12_24,22
805,rn_B12_25,22
806,rn_B12_26,0
807,rn_B12_27,0
808,rn_B12_28,0
809,rn_B12_29,0
810,rn_B12_3,20
811,rn_B12_30,0
812,rn_B12_31,0
813,rn_B12_32,0
814,rn_B12_33,0
815,rn_B12_34,0
816,rn_B12_35,0
817,rn_B12_36,0
818,rn_B12_4,31
819,rn_B12_5,26
820,rn_B12_6,38
821,rn_B12_7,34
822,rn_B12_8,30
823,rn_B12_9,27
824,rn_B13_1,0
825,rn_B13_10,22
826,rn_B13_11,22
827,rn_B13_12,0
828,rn_B13_13,0
829,rn_B13_14,0
830,rn_B13_15,0
831,rn_B13_16,24
832,rn_B13_17,22
833,rn_B13_18,30
834,rn_B13_19,27
835,rn_B13_2,20
836,rn_B13_20,38
837,rn_B13_21,38
838,rn_B13_22,31
839,rn_B13_23,26
840,rn_B13_24,23
841,rn_B13_25,25
842,rn_B13_26,0
843,rn_B13_27,0
844,rn_B13_28,0
845,rn_B13_29,0
846,rn_B13_3,20
847,rn_B13_30,0
848,rn_B13_31,0
849,rn_B13_32,0
850,rn_B13_33,0
851,rn_B13_34,0
852,rn_B13_35,0
853,rn_B13_36,0
854,rn_B13_4,28
855,rn_B13_5,25
856,rn_B13_6,38
857,rn_B13_7,38
858,rn_B13_8,30
859,rn_B13_9,27
860,rn_B14_1,0
861,rn_B14_10,22
862,rn_B14_11,22
863,rn_B14_12,0
864,rn_B14_13,0
865,rn_B14_14,0
866,rn_B14_15,0
867,rn_B14_16,24
868,rn_B14_17,22
869,rn_B14_18,30
870,rn_B14_19,27
871,rn_B14_2,20
872,rn_B14_20,38
873,rn_B14_21,34
874,rn_B14_22,28
875,rn_B14_23,25
876,rn_B14_24,22
877,rn_B14_25,22
878,rn_B14_26,0
879,rn_B14_27,0
880,rn_B14_28,0
881,rn_B14_29,0
882,rn_B14_3,20
883,rn_B14_30,0
884,rn_B14_31,0
885,rn_B14_32,0
886,rn_B14_33,0
887,rn_B14_34,0
888,rn_B14_35,0
889,rn_B14_36,0
890,rn_B14_4,28
891,rn_B14_5,21
892,rn_B14_6,34
893,rn_B14_7,34
894,rn_B14_8,29
895,rn_B14_9,24
896,rn_B15_1,0
897,rn_B15_10,22
898,rn_B15_11,22
899,rn_B15_12,0
900,rn_B15_13,0
901,rn_B15_14,0
902,rn_B15_15,0
903,rn_B15_16,24
904,rn_B15_17,22
905,rn_B15_18,30
906,rn_B15_19,27
907,rn_B15_2,20
908,rn_B15_20,34
909,rn_B15_21,34
910,rn_B15_22,24
911,rn_B15_23,25
912,rn_B15_24,18
913,rn_B15_25,22
914,rn_B15_26,0
915,rn_B15_27,0
916,rn_B15_28,0
917,rn_B15_29,0
918,rn_B15_3,20
919,rn_B15_30,0
920,rn_B15_31,0
921,rn_B15_32,0
922,rn_B15_33,0
923,rn_B15_34,0
924,rn_B15_35,0
925,rn_B15_36,0
926,rn_B15_4,29
927,rn_B15_5,28
928,rn_B15_6,38
929,rn_B15_7,38
930,rn_B15_8,30
931,rn_B15_9,27
932,rn_B16_1,0
933,rn_B16_10,22
934,rn_B16_11,22
935,rn_B16_12,0
936,rn_B16_13,0
937,rn_B16_14,0
938,rn_B16_15,0
939,rn_B16_16,24
940,rn_B16_17,22
941,rn_B16_18,30
942,rn_B16_19,27
943,rn_B16_2,20
944,rn_B16_20,35
945,rn_B16_21,37
946,rn_B16_22,28
947,rn_B16_23,25
948,rn_B16_24,20
949,rn_B16_25,20
950,rn_B16_26,0
951,rn_B16_27,0
952,rn_B16_28,0
953,rn_B16_29,0
954,rn_B16_3,20
955,rn_B16_30,0
956,rn_B16_31,0
957,rn_B16_32,0
958,rn_B16_33,0
959,rn_B16_34,0
960,rn_B16_35,0
961,rn_B16_36,0
962,rn_B16_4,24
963,rn_B16_5,25
964,rn_B16_6,38
965,rn_B16_7,38
966,rn_B16_8,30
967,rn_B16_9,27
968,rn_B17_1,0
969,rn_B17_10,22
970,rn_B17_11,22
971,rn_B17_12,0
972,rn_B17_13,0
973,rn_B17_14,0
974,rn_B17_15,0
975,rn_B17_16,24
976,rn_B17_17,22
977,rn_B17_18,30
978,rn_B17_19,27
979,rn_B17_2,20
980,rn_B17_20,38
981,rn_B17_21,38
982,rn_B17_22,31
983,rn_B17_23,26
984,rn_B17_24,23
985,rn_B17_25,25
986,rn_B17_26,0
987,rn_B17_27,0
988,rn_B17_28,0
989,rn_B17_29,0
990,rn_B17_3,20
991,rn_B17_30,0
992,rn_B17_31,0
993,rn_B17_32,0
994,rn_B17_33,0
995,rn_B17_34,0
996,rn_B17_35,0
997,rn_B17_36,0
998,rn_B17_4,28
999,rn_B17_5,25
1000,rn_B17_6,38
1001,rn_B17_7,38
1002,rn_B17_8,30
1003,rn_B17_9,27
1004,rn_B18_1,0
1005,rn_B18_10,22
1006,rn_B18_11,22
1007,rn_B18_12,0
1008,rn_B18_13,0
1009,rn_B18_14,0
1010,rn_B18_15,0
1011,rn_B18_16,24
1012,rn_B18_17,22
1013,rn_B18_18,30
1014,rn_B18_19,27
1015,rn_B18_2,20
1016,rn_B18_20,38
1017,rn_B18_21,38
1018,rn_B18_22,31
1019,rn_B18_23,26
1020,rn_B18_24,23
1021,rn_B18_25,25
1022,rn_B18_26,0
1023,rn_B18_27,0
1024,rn_B18_28,0
1025,rn_B18_29,0
1026,rn_B18_3,20
1027,rn_B18_30,0
1028,rn_B18_31,0
1029,rn_B18_32,0
1030,rn_B18_33,0
1031,rn_B18_34,0
1032,rn_B18_35,0
1033,rn_B18_36,0
1034,rn_B18_4,28
1035,rn_B18_5,25
1036,rn_B18_6,38
1037,rn_B18_7,38
1038,rn_B18_8,30
1039,rn_B18_9,27
1040,rn_B19_1,0
1041,rn_B19_10,22
1042,rn_B19_11,22
1043,rn_B19_12,0
1044,rn_B19_13,0
1045,rn_B19_14,0
1046,rn_B19_15,0
1047,rn_B19_16,24
1048,rn_B19_17,22
1049,rn_B19_18,30
1050,rn_B19_19,27
1051,rn_B19_2,20
1052,rn_B19_20,38
1053,rn_B19_21,38
1054,rn_B19_22,31
1055,rn_B19_23,26
1056,rn_B19_24,22
1057,rn_B19_25,22
1058,rn_B19_26,0
1059,rn_B19_27,0
1060,rn_B19_28,0
1061,rn_B19_29,0
1062,rn_B19_3,20
1063,rn_B19_30,0
1064,rn_B19_31,0
1065,rn_B19_32,0
1066,rn_B19_33,0
1067,rn_B19_34,0
1068,rn_B19_35,0
1069,rn_B19_36,0
1070,rn_B19_4,31
1071,rn_B19_5,26
1072,rn_B19_6,38
1073,rn_B19_7,34
1074,rn_B19_8,30
1075,rn_B19_9,27
1076,rn_B1_1,0
1077,rn_B1_10,22
1078,rn_B1_11,22
1079,rn_B1_12,0
1080,rn_B1_13,0
1081,rn_B1_14,0
1082,rn_B1_15,0
1083,rn_B1_16,24
1084,rn_B1_17,22
1085,rn_B1_18,28
1086,rn_B1_19,25
1087,rn_B1_2,20
1088,rn_B1_20,36
1089,rn_B1_21,36
1090,rn_B1_22,28
1091,rn_B1_23,25
1092,rn_B1_24,19
1093,rn_B1_25,21
1094,rn_B1_26,0
1095,rn_B1_27,0
1096,rn_B1_28,0
1097,rn_B1_29,0
1098,rn_B1_3,20
1099,rn_B1_30,0
1100,rn_B1_31,0
1101,rn_B1_32,0
1102,rn_B1_33,0
1103,rn_B1_34,0
1104,rn_B1_4,28
1105,rn_B1_5,25
1106,rn_B1_6,34
1107,rn_B1_7,34
1108,rn_B1_8,28
1109,rn_B1_9,25
1110,rn_B20_1,0
1111,rn_B20_10,22
1112,rn_B20_11,22
1113,rn_B20_12,0
1114,rn_B20_13,0
1115,rn_B20_14,0
1116,rn_B20_15,0
1117,rn_B20_16,24
1118,rn_B20_17,22
1119,rn_B20_18,30
1120,rn_B20_19,27
1121,rn_B20_2,20
1122,rn_B20_20,38
1123,rn_B20_21,38
1124,rn_B20_22,28
1125,rn_B20_23,21
1126,rn_B20_24,18
1127,rn_B20_25,18
1128,rn_B20_26,0
1129,rn_B20_27,0
1130,rn_B20_28,0
1131,rn_B20_29,0
1132,rn_B20_3,20
1133,rn_B20_30,0
1134,rn_B20_31,0
1135,rn_B20_32,0
1136,rn_B20_33,0
1137,rn_B20_34,0
1138,rn_B20_4,31
1139,rn_B20_5,26
1140,rn_B20_6,38
1141,rn_B20_7,34
1142,rn_B20_8,30
1143,rn_B20_9,27
1144,rn_B2_1,0
1145,rn_B2_10,22
1146,rn_B2_11,22
1147,rn_B2_12,0
1148,rn_B2_13,0
1149,rn_B2_14,0
1150,rn_B2_15,0
1151,rn_B2_16,24
1152,rn_B2_17,22
1153,rn_B2_18,28
1154,rn_B2_19,25
1155,rn_B2_2,20
1156,rn_B2_20,38
1157,rn_B2_21,38
1158,rn_B2_22,31
1159,rn_B2_23,26
1160,rn_B2_24,24
1161,rn_B2_25,24
1162,rn_B2_26,0
1163,rn_B2_27,0
1164,rn_B2_28,0
1165,rn_B2_29,0
1166,rn_B2_3,20
1167,rn_B2_30,0
1168,rn_B2_31,0
1169,rn_B2_32,0
1170,rn_B2_33,0
1171,rn_B2_34,0
1172,rn_B2_35,0
1173,rn_B2_36,0
1174,rn_B2_4,28
1175,rn_B2_5,25
1176,rn_B2_6,36
1177,rn_B2_7,36
1178,rn_B2_8,28
1179,rn_B2_9,25
1180,rn_B3_1,0
1181,rn_B3_10,22
1182,rn_B3_11,22
1183,rn_B3_12,0
1184,rn_B3_13,0
1185,rn_B3_14,0
1186,rn_B3_15,0
1187,rn_B3_16,24
1188,rn_B3_17,22
1189,rn_B3_18,30
1190,rn_B3_19,27
1191,rn_B3_2,20
1192,rn_B3_20,38
1193,rn_B3_21,38
1194,rn_B3_22,31
1195,rn_B3_23,26
1196,rn_B3_24,24
1197,rn_B3_25,24
1198,rn_B3_26,0
1199,rn_B3_27,0
1200,rn_B3_28,0
1201,rn_B3_29,0
1202,rn_B3_3,20
1203,rn_B3_30,0
1204,rn_B3_31,0
1205,rn_B3_32,0
1206,rn_B3_33,0
1207,rn_B3_34,0
1208,rn_B3_35,0
1209,rn_B3_36,0
1210,rn_B3_4,28
1211,rn_B3_5,25
1212,rn_B3_6,38
1213,rn_B3_7,34
1214,rn_B3_8,30
1215,rn_B3_9,27
1216,rn_B4_1,0
1217,rn_B4_10,26
1218,rn_B4_11,22
1219,rn_B4_12,0
1220,rn_B4_13,0
1221,rn_B4_14,0
1222,rn_B4_15,0
1223,rn_B4_16,29
1224,rn_B4_17,21
1225,rn_B4_18,33
1226,rn_B4_19,28
1227,rn_B4_2,26
1228,rn_B4_20,42
1229,rn_B4_21,42
1230,rn_B4_22,33
1231,rn_B4_23,28
1232,rn_B4_24,26
1233,rn_B4_25,22
1234,rn_B4_26,0
1235,rn_B4_27,0
1236,rn_B4_28,0
1237,rn_B4_29,0
1238,rn_B4_3,22
1239,rn_B4_30,0
1240,rn_B4_31,0
1241,rn_B4_32,0
1242,rn_B4_33,0
1243,rn_B4_34,0
1244,rn_B4_35,0
1245,rn_B4_36,0
1246,rn_B4_4,33
1247,rn_B4_5,28
1248,rn_B4_6,42
1249,rn_B4_7,42
1250,rn_B4_8,33
1251,rn_B4_9,28
1252,rn_B5_1,0
1253,rn_B5_10,26
1254,rn_B5_11,22
1255,rn_B5_12,0
1256,rn_B5_13,0
1257,rn_B5_14,0
1258,rn_B5_15,0
1259,rn_B5_16,29
1260,rn_B5_17,21
1261,rn_B5_18,33
1262,rn_B5_19,28
1263,rn_B5_2,26
1264,rn_B5_20,42
1265,rn_B5_21,42
1266,rn_B5_22,33
1267,rn_B5_23,28
1268,rn_B5_24,26
1269,rn_B5_25,22
1270,rn_B5_26,0
1271,rn_B5_27,0
1272,rn_B5_28,0
1273,rn_B5_29,0
1274,rn_B5_3,22
1275,rn_B5_30,0
1276,rn_B5_31,0
1277,rn_B5_32,0
1278,rn_B5_33,0
1279,rn_B5_34,0
1280,rn_B5_35,0
1281,rn_B5_36,0
1282,rn_B5_4,33
1283,rn_B5_5,28
1284,rn_B5_6,42
1285,rn_B5_7,42
1286,rn_B5_8,33
1287,rn_B5_9,28
1288,rn_B6_1,0
1289,rn_B6_10,26
1290,rn_B6_11,22
1291,rn_B6_12,0
1292,rn_B6_13,0
1293,rn_B6_14,0
1294,rn_B6_15,0
1295,rn_B6_16,29
1296,rn_B6_17,21
1297,rn_B6_18,33
1298,rn_B6_19,28
1299,rn_B6_2,26
1300,rn_B6_20,42
1301,rn_B6_21,42
1302,rn_B6_22,33
1303,rn_B6_23,28
1304,rn_B6_24,26
1305,rn_B6_25,22
1306,rn_B6_26,0
1307,rn_B6_27,0
1308,rn_B6_28,0
1309,rn_B6_29,0
1310,rn_B6_3,22
1311,rn_B6_30,0
1312,rn_B6_31,0
1313,rn_B6_32,0
1314,rn_B6_33,0
1315,rn_B6_34,0
1316,rn_B6_35,0
1317,rn_B6_36,0
1318,rn_B6_4,33
1319,rn_B6_5,28
1320,rn_B6_6,42
1321,rn_B6_7,42
1322,rn_B6_8,33
1323,rn_B6_9,28
1324,rn_B7_1,0
1325,rn_B7_10,22
1326,rn_B7_11,22
1327,rn_B7_12,0
1328,rn_B7_13,0
1329,rn_B7_14,0
1330,rn_B7_15,0
1331,rn_B7_16,24
1332,rn_B7_17,22
1333,rn_B7_18,28
1334,rn_B7_19,29
1335,rn_B7_2,19
1336,rn_B7_20,38
1337,rn_B7_21,38
1338,rn_B7_22,30
1339,rn_B7_23,27
1340,rn_B7_24,24
1341,rn_B7_25,24
1342,rn_B7_26,0
1343,rn_B7_27,0
1344,rn_B7_28,0
1345,rn_B7_29,0
1346,rn_B7_3,21
1347,rn_B7_30,0
1348,rn_B7_31,0
1349,rn_B7_32,0
1350,rn_B7_33,0
1351,rn_B7_34,0
1352,rn_B7_35,0
1353,rn_B7_36,0
1354,rn_B7_4,28
1355,rn_B7_5,29
1356,rn_B7_6,38
1357,rn_B7_7,38
1358,rn_B7_8,28
1359,rn_B7_9,29
1360,rn_B8_1,0
1361,rn_B8_10,22
1362,rn_B8_11,22
1363,rn_B8_12,0
1364,rn_B8_13,0
1365,rn_B8_14,0
1366,rn_B8_15,0
1367,rn_B8_16,22
1368,rn_B8_17,20
1369,rn_B8_18,28
1370,rn_B8_19,25
1371,rn_B8_2,20
1372,rn_B8_20,37
1373,rn_B8_21,35
1374,rn_B8_22,28
1375,rn_B8_23,25
1376,rn_B8_24,22
1377,rn_B8_25,22
1378,rn_B8_26,0
1379,rn_B8_27,0
1380,rn_B8_28,0
1381,rn_B8_29,0
1382,rn_B8_3,20
1383,rn_B8_30,0
1384,rn_B8_31,0
1385,rn_B8_32,0
1386,rn_B8_33,0
1387,rn_B8_34,0
1388,rn_B8_35,0
1389,rn_B8_36,0
1390,rn_B8_4,28
1391,rn_B8_5,25
1392,rn_B8_6,37
1393,rn_B8_7,35
1394,rn_B8_8,28
1395,rn_B8_9,25
1396,rn_B9_1,0
1397,rn_B9_10,23
1398,rn_B9_11,25
1399,rn_B9_12,0
1400,rn_B9_13,0
1401,rn_B9_14,0
1402,rn_B9_15,0
1403,rn_B9_16,21
1404,rn_B9_17,21
1405,rn_B9_18,28
1406,rn_B9_19,25
1407,rn_B9_2,20
1408,rn_B9_20,35
1409,rn_B9_21,37
1410,rn_B9_22,26
1411,rn_B9_23,23
1412,rn_B9_24,20
1413,rn_B9_25,20
1414,rn_B9_26,0
1415,rn_B9_27,0
1416,rn_B9_28,0
1417,rn_B9_29,0
1418,rn_B9_3,20
1419,rn_B9_30,0
1420,rn_B9_31,0
1421,rn_B9_32,0
1422,rn_B9_33,0
1423,rn_B9_34,0
1424,rn_B9_35,0
1425,rn_B9_36,0
1426,rn_B9_4,28
1427,rn_B9_5,25
1428,rn_B9_6,38
1429,rn_B9_7,34
1430,rn_B9_8,29
1431,rn_B9_9,28
1432,rn_InterBay1_1,0
1433,rn_InterBay1_10,0
1434,rn_InterBay1_100,0
1435,rn_InterBay1_101,0
1436,rn_InterBay1_102,0
1437,rn_InterBay1_103,0
1438,rn_InterBay1_104,0
1439,rn_InterBay1_105,0
1440,rn_InterBay1_106,0
1441,rn_InterBay1_107,0
1442,rn_InterBay1_108,0
1443,rn_InterBay1_109,0
1444,rn_InterBay1_11,0
1445,rn_InterBay1_110,0
1446,rn_InterBay1_111,0
1447,rn_InterBay1_112,0
1448,rn_InterBay1_113,0
1449,rn_InterBay1_114,0
1450,rn_InterBay1_115,0
1451,rn_InterBay1_116,0
1452,rn_InterBay1_117,0
1453,rn_InterBay1_118,0
1454,rn_InterBay1_119,0
1455,rn_InterBay1_12,0
1456,rn_InterBay1_120,0
1457,rn_InterBay1_121,0
1458,rn_InterBay1_122,0
1459,rn_InterBay1_123,0
1460,rn_InterBay1_124,0
1461,rn_InterBay1_125,0
1462,rn_InterBay1_126,0
1463,rn_InterBay1_127,0
1464,rn_InterBay1_128,0
1465,rn_InterBay1_129,0
1466,rn_InterBay1_13,0
1467,rn_InterBay1_130,0
1468,rn_InterBay1_131,0
1469,rn_InterBay1_132,0
1470,rn_InterBay1_133,0
1471,rn_InterBay1_134,0
1472,rn_InterBay1_135,0
1473,rn_InterBay1_136,0
1474,rn_InterBay1_137,0
1475,rn_InterBay1_138,0
1476,rn_InterBay1_139,0
1477,rn_InterBay1_14,0
1478,rn_InterBay1_140,0
1479,rn_InterBay1_141,0
1480,rn_InterBay1_142,0
1481,rn_InterBay1_143,0
1482,rn_InterBay1_144,0
1483,rn_InterBay1_145,0
1484,rn_InterBay1_146,0
1485,rn_InterBay1_147,0
1486,rn_InterBay1_148,0
1487,rn_InterBay1_149,0
1488,rn_InterBay1_15,0
1489,rn_InterBay1_150,0
1490,rn_InterBay1_151,0
1491,rn_InterBay1_152,0
1492,rn_InterBay1_153,0
1493,rn_InterBay1_154,0
1494,rn_InterBay1_155,0
1495,rn_InterBay1_156,0
1496,rn_InterBay1_157,0
1497,rn_InterBay1_158,0
1498,rn_InterBay1_159,0
1499,rn_InterBay1_16,0
1500,rn_InterBay1_160,0
1501,rn_InterBay1_161,0
1502,rn_InterBay1_162,0
1503,rn_InterBay1_163,0
1504,rn_InterBay1_164,0
1505,rn_InterBay1_165,0
1506,rn_InterBay1_166,0
1507,rn_InterBay1_167,0
1508,rn_InterBay1_168,0
1509,rn_InterBay1_169,0
1510,rn_InterBay1_17,0
1511,rn_InterBay1_170,0
1512,rn_InterBay1_171,0
1513,rn_InterBay1_172,0
1514,rn_InterBay1_173,0
1515,rn_InterBay1_174,0
1516,rn_InterBay1_175,0
1517,rn_InterBay1_176,0
1518,rn_InterBay1_177,0
1519,rn_InterBay1_178,0
1520,rn_InterBay1_179,0
1521,rn_InterBay1_18,0
1522,rn_InterBay1_180,0
1523,rn_InterBay1_181,0
1524,rn_InterBay1_182,0
1525,rn_InterBay1_183,0
1526,rn_InterBay1_184,0
1527,rn_InterBay1_185,0
1528,rn_InterBay1_186,0
1529,rn_InterBay1_187,0
1530,rn_InterBay1_188,0
1531,rn_InterBay1_189,0
1532,rn_InterBay1_19,0
1533,rn_InterBay1_190,0
1534,rn_InterBay1_191,0
1535,rn_InterBay1_192,0
1536,rn_InterBay1_193,0
1537,rn_InterBay1_194,0
1538,rn_InterBay1_195,0
1539,rn_InterBay1_196,0
1540,rn_InterBay1_197,0
1541,rn_InterBay1_198,0
1542,rn_InterBay1_199,0
1543,rn_InterBay1_2,0
1544,rn_InterBay1_20,0
1545,rn_InterBay1_200,0
1546,rn_InterBay1_201,0
1547,rn_InterBay1_202,0
1548,rn_InterBay1_203,0
1549,rn_InterBay1_204,0
1550,rn_InterBay1_205,0
1551,rn_InterBay1_206,0
1552,rn_InterBay1_207,0
1553,rn_InterBay1_208,0
1554,rn_InterBay1_209,0
1555,rn_InterBay1_21,0
1556,rn_InterBay1_210,0
1557,rn_InterBay1_211,0
1558,rn_InterBay1_212,0
1559,rn_InterBay1_213,0
1560,rn_InterBay1_214,0
1561,rn_InterBay1_215,0
1562,rn_InterBay1_216,0
1563,rn_InterBay1_217,0
1564,rn_InterBay1_218,0
1565,rn_InterBay1_219,0
1566,rn_InterBay1_22,0
1567,rn_InterBay1_220,0
1568,rn_InterBay1_221,0
1569,rn_InterBay1_222,0
1570,rn_InterBay1_223,0
1571,rn_InterBay1_224,0
1572,rn_InterBay1_225,0
1573,rn_InterBay1_226,0
1574,rn_InterBay1_227,0
1575,rn_InterBay1_228,0
1576,rn_InterBay1_229,0
1577,rn_InterBay1_23,0
1578,rn_InterBay1_230,0
1579,rn_InterBay1_231,0
1580,rn_InterBay1_232,0
1581,rn_InterBay1_233,0
1582,rn_InterBay1_234,0
1583,rn_InterBay1_235,0
1584,rn_InterBay1_236,0
1585,rn_InterBay1_237,0
1586,rn_InterBay1_238,0
1587,rn_InterBay1_239,0
1588,rn_InterBay1_24,0
1589,rn_InterBay1_240,0
1590,rn_InterBay1_241,0
1591,rn_InterBay1_242,0
1592,rn_InterBay1_243,0
1593,rn_InterBay1_244,0
1594,rn_InterBay1_245,0
1595,rn_InterBay1_246,0
1596,rn_InterBay1_247,0
1597,rn_InterBay1_248,0
1598,rn_InterBay1_249,0
1599,rn_InterBay1_25,0
1600,rn_InterBay1_250,0
1601,rn_InterBay1_251,0
1602,rn_InterBay1_252,0
1603,rn_InterBay1_253,0
1604,rn_InterBay1_254,0
1605,rn_InterBay1_255,0
1606,rn_InterBay1_256,0
1607,rn_InterBay1_257,0
1608,rn_InterBay1_258,0
1609,rn_InterBay1_259,0
1610,rn_InterBay1_26,0
1611,rn_InterBay1_260,0
1612,rn_InterBay1_261,0
1613,rn_InterBay1_262,0
1614,rn_InterBay1_263,0
1615,rn_InterBay1_264,0
1616,rn_InterBay1_265,0
1617,rn_InterBay1_266,0
1618,rn_InterBay1_267,0
1619,rn_InterBay1_268,0
1620,rn_InterBay1_269,0
1621,rn_InterBay1_27,0
1622,rn_InterBay1_270,0
1623,rn_InterBay1_271,0
1624,rn_InterBay1_272,0
1625,rn_InterBay1_273,0
1626,rn_InterBay1_274,0
1627,rn_InterBay1_275,0
1628,rn_InterBay1_276,0
1629,rn_InterBay1_277,0
1630,rn_InterBay1_278,0
1631,rn_InterBay1_279,0
1632,rn_InterBay1_28,0
1633,rn_InterBay1_280,0
1634,rn_InterBay1_281,0
1635,rn_InterBay1_282,0
1636,rn_InterBay1_283,0
1637,rn_InterBay1_284,0
1638,rn_InterBay1_285,0
1639,rn_InterBay1_286,0
1640,rn_InterBay1_287,0
1641,rn_InterBay1_288,0
1642,rn_InterBay1_289,0
1643,rn_InterBay1_29,0
1644,rn_InterBay1_290,0
1645,rn_InterBay1_291,0
1646,rn_InterBay1_292,0
1647,rn_InterBay1_293,0
1648,rn_InterBay1_294,0
1649,rn_InterBay1_295,0
1650,rn_InterBay1_296,0
1651,rn_InterBay1_297,0
1652,rn_InterBay1_298,0
1653,rn_InterBay1_299,0
1654,rn_InterBay1_3,0
1655,rn_InterBay1_30,0
1656,rn_InterBay1_300,0
1657,rn_InterBay1_301,0
1658,rn_InterBay1_302,0
1659,rn_InterBay1_303,0
1660,rn_InterBay1_304,0
1661,rn_InterBay1_305,0
1662,rn_InterBay1_306,0
1663,rn_InterBay1_307,0
1664,rn_InterBay1_308,0
1665,rn_InterBay1_309,0
1666,rn_InterBay1_31,0
1667,rn_InterBay1_310,0
1668,rn_InterBay1_311,0
1669,rn_InterBay1_312,0
1670,rn_InterBay1_313,0
1671,rn_InterBay1_314,0
1672,rn_InterBay1_315,0
1673,rn_InterBay1_316,0
1674,rn_InterBay1_317,0
1675,rn_InterBay1_318,0
1676,rn_InterBay1_319,0
1677,rn_InterBay1_32,0
1678,rn_InterBay1_320,0
1679,rn_InterBay1_321,0
1680,rn_InterBay1_322,0
1681,rn_InterBay1_323,0
1682,rn_InterBay1_324,0
1683,rn_InterBay1_325,0
1684,rn_InterBay1_326,0
1685,rn_InterBay1_327,0
1686,rn_InterBay1_328,0
1687,rn_InterBay1_329,0
1688,rn_InterBay1_33,0
1689,rn_InterBay1_330,0
1690,rn_InterBay1_331,0
1691,rn_InterBay1_332,0
1692,rn_InterBay1_333,0
1693,rn_InterBay1_334,0
1694,rn_InterBay1_335,0
1695,rn_InterBay1_336,0
1696,rn_InterBay1_337,0
1697,rn_InterBay1_338,0
1698,rn_InterBay1_339,0
1699,rn_InterBay1_34,0
1700,rn_InterBay1_340,0
1701,rn_InterBay1_341,0
1702,rn_InterBay1_342,0
1703,rn_InterBay1_343,0
1704,rn_InterBay1_344,0
1705,rn_InterBay1_345,0
1706,rn_InterBay1_346,0
1707,rn_InterBay1_347,0
1708,rn_InterBay1_348,0
1709,rn_InterBay1_349,0
1710,rn_InterBay1_35,0
1711,rn_InterBay1_350,0
1712,rn_InterBay1_351,0
1713,rn_InterBay1_352,0
1714,rn_InterBay1_353,0
1715,rn_InterBay1_354,0
1716,rn_InterBay1_355,0
1717,rn_InterBay1_356,0
1718,rn_InterBay1_357,0
1719,rn_InterBay1_358,0
1720,rn_InterBay1_359,0
1721,rn_InterBay1_36,0
1722,rn_InterBay1_360,0
1723,rn_InterBay1_361,0
1724,rn_InterBay1_362,0
1725,rn_InterBay1_363,0
1726,rn_InterBay1_364,0
1727,rn_InterBay1_365,0
1728,rn_InterBay1_366,0
1729,rn_InterBay1_367,0
1730,rn_InterBay1_368,0
1731,rn_InterBay1_369,0
1732,rn_InterBay1_37,0
1733,rn_InterBay1_370,0
1734,rn_InterBay1_371,0
1735,rn_InterBay1_372,0
1736,rn_InterBay1_373,0
1737,rn_InterBay1_374,0
1738,rn_InterBay1_375,0
1739,rn_InterBay1_376,0
1740,rn_InterBay1_377,0
1741,rn_InterBay1_378,0
1742,rn_InterBay1_379,0
1743,rn_InterBay1_38,0
1744,rn_InterBay1_380,0
1745,rn_InterBay1_381,0
1746,rn_InterBay1_382,0
1747,rn_InterBay1_383,0
1748,rn_InterBay1_384,0
1749,rn_InterBay1_385,0
1750,rn_InterBay1_386,0
1751,rn_InterBay1_387,0
1752,rn_InterBay1_388,0
1753,rn_InterBay1_389,0
1754,rn_InterBay1_39,0
1755,rn_InterBay1_390,0
1756,rn_InterBay1_391,0
1757,rn_InterBay1_392,0
1758,rn_InterBay1_393,0
1759,rn_InterBay1_394,0
1760,rn_InterBay1_395,0
1761,rn_InterBay1_396,0
1762,rn_InterBay1_397,0
1763,rn_InterBay1_398,0
1764,rn_InterBay1_399,0
1765,rn_InterBay1_4,0
1766,rn_InterBay1_40,0
1767,rn_InterBay1_400,0
1768,rn_InterBay1_401,0
1769,rn_InterBay1_402,0
1770,rn_InterBay1_403,0
1771,rn_InterBay1_404,0
1772,rn_InterBay1_405,0
1773,rn_InterBay1_406,1
1774,rn_InterBay1_407,1
1775,rn_InterBay1_408,0
1776,rn_InterBay1_409,0
1777,rn_InterBay1_41,0
1778,rn_InterBay1_410,0
1779,rn_InterBay1_411,0
1780,rn_InterBay1_412,0
1781,rn_InterBay1_413,0
1782,rn_InterBay1_414,0
1783,rn_InterBay1_415,0
1784,rn_InterBay1_416,0
1785,rn_InterBay1_417,0
1786,rn_InterBay1_418,0
1787,rn_InterBay1_419,0
1788,rn_InterBay1_42,0
1789,rn_InterBay1_420,1
1790,rn_InterBay1_421,1
1791,rn_InterBay1_422,0
1792,rn_InterBay1_423,0
1793,rn_InterBay1_424,0
1794,rn_InterBay1_425,0
1795,rn_InterBay1_426,0
1796,rn_InterBay1_427,0
1797,rn_InterBay1_428,0
1798,rn_InterBay1_43,0
1799,rn_InterBay1_44,0
1800,rn_InterBay1_45,0
1801,rn_InterBay1_46,0
1802,rn_InterBay1_47,0
1803,rn_InterBay1_48,0
1804,rn_InterBay1_49,0
1805,rn_InterBay1_5,0
1806,rn_InterBay1_50,0
1807,rn_InterBay1_51,0
1808,rn_InterBay1_52,0
1809,rn_InterBay1_53,0
1810,rn_InterBay1_54,0
1811,rn_InterBay1_55,0
1812,rn_InterBay1_56,0
1813,rn_InterBay1_57,0
1814,rn_InterBay1_58,0
1815,rn_InterBay1_59,0
1816,rn_InterBay1_6,0
1817,rn_InterBay1_60,0
1818,rn_InterBay1_61,0
1819,rn_InterBay1_62,0
1820,rn_InterBay1_63,0
1821,rn_InterBay1_64,0
1822,rn_InterBay1_65,0
1823,rn_InterBay1_66,0
1824,rn_InterBay1_67,0
1825,rn_InterBay1_68,0
1826,rn_InterBay1_69,0
1827,rn_InterBay1_7,0
1828,rn_InterBay1_70,0
1829,rn_InterBay1_71,0
1830,rn_InterBay1_72,0
1831,rn_InterBay1_73,0
1832,rn_InterBay1_74,0
1833,rn_InterBay1_75,0
1834,rn_InterBay1_76,0
1835,rn_InterBay1_77,0
1836,rn_InterBay1_78,0
1837,rn_InterBay1_79,0
1838,rn_InterBay1_8,0
1839,rn_InterBay1_80,0
1840,rn_InterBay1_81,0
1841,rn_InterBay1_82,0
1842,rn_InterBay1_83,0
1843,rn_InterBay1_84,0
1844,rn_InterBay1_85,0
1845,rn_InterBay1_86,0
1846,rn_InterBay1_87,0
1847,rn_InterBay1_88,0
1848,rn_InterBay1_89,0
1849,rn_InterBay1_9,0
1850,rn_InterBay1_90,0
1851,rn_InterBay1_91,0
1852,rn_InterBay1_92,0
1853,rn_InterBay1_93,0
1854,rn_InterBay1_94,0
1855,rn_InterBay1_95,0
1856,rn_InterBay1_96,0
1857,rn_InterBay1_97,0
1858,rn_InterBay1_98,0
1859,rn_InterBay1_99,0
1860,rn_InterBay2_1,0
1861,rn_InterBay2_10,0
1862,rn_InterBay2_100,0
1863,rn_InterBay2_101,0
1864,rn_InterBay2_102,0
1865,rn_InterBay2_103,0
1866,rn_InterBay2_104,0
1867,rn_InterBay2_105,0
1868,rn_InterBay2_106,0
1869,rn_InterBay2_107,0
1870,rn_InterBay2_108,0
1871,rn_InterBay2_109,0
1872,rn_InterBay2_11,0
1873,rn_InterBay2_110,0
1874,rn_InterBay2_111,0
1875,rn_InterBay2_112,0
1876,rn_InterBay2_113,0
1877,rn_InterBay2_114,0
1878,rn_InterBay2_115,0
1879,rn_InterBay2_116,0
1880,rn_InterBay2_117,0
1881,rn_InterBay2_118,0
1882,rn_InterBay2_119,0
1883,rn_InterBay2_12,0
1884,rn_InterBay2_120,0
1885,rn_InterBay2_121,0
1886,rn_InterBay2_122,0
1887,rn_InterBay2_123,0
1888,rn_InterBay2_124,0
1889,rn_InterBay2_125,0
1890,rn_InterBay2_126,0
1891,rn_InterBay2_127,0
1892,rn_InterBay2_128,0
1893,rn_InterBay2_129,0
1894,rn_InterBay2_13,0
1895,rn_InterBay2_130,0
1896,rn_InterBay2_131,0
1897,rn_InterBay2_132,0
1898,rn_InterBay2_133,0
1899,rn_InterBay2_134,0
1900,rn_InterBay2_135,0
1901,rn_InterBay2_136,0
1902,rn_InterBay2_137,0
1903,rn_InterBay2_138,0
1904,rn_InterBay2_139,0
1905,rn_InterBay2_14,0
1906,rn_InterBay2_140,0
1907,rn_InterBay2_141,0
1908,rn_InterBay2_142,0
1909,rn_InterBay2_143,0
1910,rn_InterBay2_144,0
1911,rn_InterBay2_145,0
1912,rn_InterBay2_146,0
1913,rn_InterBay2_147,0
1914,rn_InterBay2_148,0
1915,rn_InterBay2_149,0
1916,rn_InterBay2_15,0
1917,rn_InterBay2_150,0
1918,rn_InterBay2_151,0
1919,rn_InterBay2_152,0
1920,rn_InterBay2_153,0
1921,rn_InterBay2_154,0
1922,rn_InterBay2_155,0
1923,rn_InterBay2_156,0
1924,rn_InterBay2_157,0
1925,rn_InterBay2_158,0
1926,rn_InterBay2_159,0
1927,rn_InterBay2_16,0
1928,rn_InterBay2_160,0
1929,rn_InterBay2_161,0
1930,rn_InterBay2_162,0
1931,rn_InterBay2_163,0
1932,rn_InterBay2_164,0
1933,rn_InterBay2_165,0
1934,rn_InterBay2_166,0
1935,rn_InterBay2_167,0
1936,rn_InterBay2_168,0
1937,rn_InterBay2_169,0
1938,rn_InterBay2_17,0
1939,rn_InterBay2_170,0
1940,rn_InterBay2_171,0
1941,rn_InterBay2_172,0
1942,rn_InterBay2_173,0
1943,rn_InterBay2_174,0
1944,rn_InterBay2_175,0
1945,rn_InterBay2_176,0
1946,rn_InterBay2_177,0
1947,rn_InterBay2_178,0
1948,rn_InterBay2_179,0
1949,rn_InterBay2_18,0
1950,rn_InterBay2_180,0
1951,rn_InterBay2_181,0
1952,rn_InterBay2_182,0
1953,rn_InterBay2_183,0
1954,rn_InterBay2_184,0
1955,rn_InterBay2_185,0
1956,rn_InterBay2_186,0
1957,rn_InterBay2_187,0
1958,rn_InterBay2_188,0
1959,rn_InterBay2_189,0
1960,rn_InterBay2_19,0
1961,rn_InterBay2_190,0
1962,rn_InterBay2_191,0
1963,rn_InterBay2_192,0
1964,rn_InterBay2_193,0
1965,rn_InterBay2_194,0
1966,rn_InterBay2_195,0
1967,rn_InterBay2_196,0
1968,rn_InterBay2_197,0
1969,rn_InterBay2_198,0
1970,rn_InterBay2_199,0
1971,rn_InterBay2_2,0
1972,rn_InterBay2_20,0
1973,rn_InterBay2_200,0
1974,rn_InterBay2_201,0
1975,rn_InterBay2_202,0
1976,rn_InterBay2_203,0
1977,rn_InterBay2_204,0
1978,rn_InterBay2_205,0
1979,rn_InterBay2_206,0
1980,rn_InterBay2_207,0
1981,rn_InterBay2_208,0
1982,rn_InterBay2_209,0
1983,rn_InterBay2_21,0
1984,rn_InterBay2_210,0
1985,rn_InterBay2_211,0
1986,rn_InterBay2_212,0
1987,rn_InterBay2_213,0
1988,rn_InterBay2_214,0
1989,rn_InterBay2_215,0
1990,rn_InterBay2_216,0
1991,rn_InterBay2_217,0
1992,rn_InterBay2_218,0
1993,rn_InterBay2_219,0
1994,rn_InterBay2_22,0
1995,rn_InterBay2_220,0
1996,rn_InterBay2_221,0
1997,rn_InterBay2_222,0
1998,rn_InterBay2_223,0
1999,rn_InterBay2_224,0
2000,rn_InterBay2_225,0
2001,rn_InterBay2_226,0
2002,rn_InterBay2_227,0
2003,rn_InterBay2_228,0
2004,rn_InterBay2_229,0
2005,rn_InterBay2_23,0
2006,rn_InterBay2_230,0
2007,rn_InterBay2_231,0
2008,rn_InterBay2_232,0
2009,rn_InterBay2_233,0
2010,rn_InterBay2_234,0
2011,rn_InterBay2_235,0
2012,rn_InterBay2_236,0
2013,rn_InterBay2_237,0
2014,rn_InterBay2_238,0
2015,rn_InterBay2_239,0
2016,rn_InterBay2_24,0
2017,rn_InterBay2_240,0
2018,rn_InterBay2_241,0
2019,rn_InterBay2_242,0
2020,rn_InterBay2_243,0
2021,rn_InterBay2_244,0
2022,rn_InterBay2_245,0
2023,rn_InterBay2_246,0
2024,rn_InterBay2_247,0
2025,rn_InterBay2_248,0
2026,rn_InterBay2_249,0
2027,rn_InterBay2_25,0
2028,rn_InterBay2_250,0
2029,rn_InterBay2_251,0
2030,rn_InterBay2_252,0
2031,rn_InterBay2_253,0
2032,rn_InterBay2_254,0
2033,rn_InterBay2_255,0
2034,rn_InterBay2_256,0
2035,rn_InterBay2_257,0
2036,rn_InterBay2_258,0
2037,rn_InterBay2_259,0
2038,rn_InterBay2_26,0
2039,rn_InterBay2_260,0
2040,rn_InterBay2_261,0
2041,rn_InterBay2_262,0
2042,rn_InterBay2_263,0
2043,rn_InterBay2_264,0
2044,rn_InterBay2_265,0
2045,rn_InterBay2_266,0
2046,rn_InterBay2_267,0
2047,rn_InterBay2_268,0
2048,rn_InterBay2_269,0
2049,rn_InterBay2_27,0
2050,rn_InterBay2_270,0
2051,rn_InterBay2_271,0
2052,rn_InterBay2_272,0
2053,rn_InterBay2_273,0
2054,rn_InterBay2_274,0
2055,rn_InterBay2_275,0
2056,rn_InterBay2_276,0
2057,rn_InterBay2_277,0
2058,rn_InterBay2_278,0
2059,rn_InterBay2_279,0
2060,rn_InterBay2_28,0
2061,rn_InterBay2_280,0
2062,rn_InterBay2_281,0
2063,rn_InterBay2_282,0
2064,rn_InterBay2_283,0
2065,rn_InterBay2_284,0
2066,rn_InterBay2_285,0
2067,rn_InterBay2_286,0
2068,rn_InterBay2_287,0
2069,rn_InterBay2_288,0
2070,rn_InterBay2_289,0
2071,rn_InterBay2_29,0
2072,rn_InterBay2_290,0
2073,rn_InterBay2_291,0
2074,rn_InterBay2_292,0
2075,rn_InterBay2_293,0
2076,rn_InterBay2_294,0
2077,rn_InterBay2_295,0
2078,rn_InterBay2_296,0
2079,rn_InterBay2_297,0
2080,rn_InterBay2_298,0
2081,rn_InterBay2_299,0
2082,rn_InterBay2_3,0
2083,rn_InterBay2_30,0
2084,rn_InterBay2_300,0
2085,rn_InterBay2_301,0
2086,rn_InterBay2_302,0
2087,rn_InterBay2_303,0
2088,rn_InterBay2_304,0
2089,rn_InterBay2_305,0
2090,rn_InterBay2_306,0
2091,rn_InterBay2_307,0
2092,rn_InterBay2_308,0
2093,rn_InterBay2_309,0
2094,rn_InterBay2_31,0
2095,rn_InterBay2_310,0
2096,rn_InterBay2_311,0
2097,rn_InterBay2_312,0
2098,rn_InterBay2_313,0
2099,rn_InterBay2_314,0
2100,rn_InterBay2_315,0
2101,rn_InterBay2_316,0
2102,rn_InterBay2_317,0
2103,rn_InterBay2_318,0
2104,rn_InterBay2_319,0
2105,rn_InterBay2_32,0
2106,rn_InterBay2_320,0
2107,rn_InterBay2_321,0
2108,rn_InterBay2_322,0
2109,rn_InterBay2_323,0
2110,rn_InterBay2_324,0
2111,rn_InterBay2_325,0
2112,rn_InterBay2_326,0
2113,rn_InterBay2_327,0
2114,rn_InterBay2_328,0
2115,rn_InterBay2_329,0
2116,rn_InterBay2_33,0
2117,rn_InterBay2_330,0
2118,rn_InterBay2_331,0
2119,rn_InterBay2_332,0
2120,rn_InterBay2_333,0
2121,rn_InterBay2_334,0
2122,rn_InterBay2_335,0
2123,rn_InterBay2_336,0
2124,rn_InterBay2_337,0
2125,rn_InterBay2_338,0
2126,rn_InterBay2_339,0
2127,rn_InterBay2_34,0
2128,rn_InterBay2_340,0
2129,rn_InterBay2_341,0
2130,rn_InterBay2_342,0
2131,rn_InterBay2_343,0
2132,rn_InterBay2_344,0
2133,rn_InterBay2_345,0
2134,rn_InterBay2_346,0
2135,rn_InterBay2_347,0
2136,rn_InterBay2_348,0
2137,rn_InterBay2_349,0
2138,rn_InterBay2_35,0
2139,rn_InterBay2_350,0
2140,rn_InterBay2_351,0
2141,rn_InterBay2_352,0
2142,rn_InterBay2_353,0
2143,rn_InterBay2_354,0
2144,rn_InterBay2_355,0
2145,rn_InterBay2_356,0
2146,rn_InterBay2_357,0
2147,rn_InterBay2_358,0
2148,rn_InterBay2_359,0
2149,rn_InterBay2_36,0
2150,rn_InterBay2_360,0
2151,rn_InterBay2_361,0
2152,rn_InterBay2_362,0
2153,rn_InterBay2_363,0
2154,rn_InterBay2_364,0
2155,rn_InterBay2_365,0
2156,rn_InterBay2_366,0
2157,rn_InterBay2_367,0
2158,rn_InterBay2_368,0
2159,rn_InterBay2_369,0
2160,rn_InterBay2_37,0
2161,rn_InterBay2_370,0
2162,rn_InterBay2_371,0
2163,rn_InterBay2_372,0
2164,rn_InterBay2_373,0
2165,rn_InterBay2_374,0
2166,rn_InterBay2_375,0
2167,rn_InterBay2_376,0
2168,rn_InterBay2_377,0
2169,rn_InterBay2_378,0
2170,rn_InterBay2_379,0
2171,rn_InterBay2_38,0
2172,rn_InterBay2_380,0
2173,rn_InterBay2_381,0
2174,rn_InterBay2_382,0
2175,rn_InterBay2_383,0
2176,rn_InterBay2_384,0
2177,rn_InterBay2_385,0
2178,rn_InterBay2_386,0
2179,rn_InterBay2_387,0
2180,rn_InterBay2_388,0
2181,rn_InterBay2_389,0
2182,rn_InterBay2_39,0
2183,rn_InterBay2_390,0
2184,rn_InterBay2_391,0
2185,rn_InterBay2_392,0
2186,rn_InterBay2_393,0
2187,rn_InterBay2_394,0
2188,rn_InterBay2_395,0
2189,rn_InterBay2_396,0
2190,rn_InterBay2_397,0
2191,rn_InterBay2_398,0
2192,rn_InterBay2_399,0
2193,rn_InterBay2_4,0
2194,rn_InterBay2_40,0
2195,rn_InterBay2_400,0
2196,rn_InterBay2_401,0
2197,rn_InterBay2_402,0
2198,rn_InterBay2_403,0
2199,rn_InterBay2_404,0
2200,rn_InterBay2_405,0
2201,rn_InterBay2_406,0
2202,rn_InterBay2_407,0
2203,rn_InterBay2_408,0
2204,rn_InterBay2_409,0
2205,rn_InterBay2_41,0
2206,rn_InterBay2_410,0
2207,rn_InterBay2_411,0
2208,rn_InterBay2_412,0
2209,rn_InterBay2_413,0
2210,rn_InterBay2_414,0
2211,rn_InterBay2_415,0
2212,rn_InterBay2_416,0
2213,rn_InterBay2_417,0
2214,rn_InterBay2_418,0
2215,rn_InterBay2_419,0
2216,rn_InterBay2_42,0
2217,rn_InterBay2_420,0
2218,rn_InterBay2_421,0
2219,rn_InterBay2_422,0
2220,rn_InterBay2_423,0
2221,rn_InterBay2_424,0
2222,rn_InterBay2_425,0
2223,rn_InterBay2_426,0
2224,rn_InterBay2_427,0
2225,rn_InterBay2_428,0
2226,rn_InterBay2_429,0
2227,rn_InterBay2_43,0
2228,rn_InterBay2_430,0
2229,rn_InterBay2_431,0
2230,rn_InterBay2_432,0
2231,rn_InterBay2_433,0
2232,rn_InterBay2_434,0
2233,rn_InterBay2_435,0
2234,rn_InterBay2_436,0
2235,rn_InterBay2_437,0
2236,rn_InterBay2_438,0
2237,rn_InterBay2_439,0
2238,rn_InterBay2_44,0
2239,rn_InterBay2_440,0
2240,rn_InterBay2_441,0
2241,rn_InterBay2_442,0
2242,rn_InterBay2_443,0
2243,rn_InterBay2_444,0
2244,rn_InterBay2_445,0
2245,rn_InterBay2_446,0
2246,rn_InterBay2_447,0
2247,rn_InterBay2_448,0
2248,rn_InterBay2_449,0
2249,rn_InterBay2_45,0
2250,rn_InterBay2_450,0
2251,rn_InterBay2_451,0
2252,rn_InterBay2_452,0
2253,rn_InterBay2_453,0
2254,rn_InterBay2_454,0
2255,rn_InterBay2_455,0
2256,rn_InterBay2_456,0
2257,rn_InterBay2_457,0
2258,rn_InterBay2_458,0
2259,rn_InterBay2_459,0
2260,rn_InterBay2_46,0
2261,rn_InterBay2_460,0
2262,rn_InterBay2_461,0
2263,rn_InterBay2_462,0
2264,rn_InterBay2_463,0
2265,rn_InterBay2_464,0
2266,rn_InterBay2_465,0
2267,rn_InterBay2_466,0
2268,rn_InterBay2_467,0
2269,rn_InterBay2_468,0
2270,rn_InterBay2_469,0
2271,rn_InterBay2_47,0
2272,rn_InterBay2_470,0
2273,rn_InterBay2_471,0
2274,rn_InterBay2_472,0
2275,rn_InterBay2_473,0
2276,rn_InterBay2_474,0
2277,rn_InterBay2_475,0
2278,rn_InterBay2_476,0
2279,rn_InterBay2_477,0
2280,rn_InterBay2_478,0
2281,rn_InterBay2_479,0
2282,rn_InterBay2_48,0
2283,rn_InterBay2_480,0
2284,rn_InterBay2_481,0
2285,rn_InterBay2_482,0
2286,rn_InterBay2_483,0
2287,rn_InterBay2_484,0
2288,rn_InterBay2_485,0
2289,rn_InterBay2_486,0
2290,rn_InterBay2_487,0
2291,rn_InterBay2_488,0
2292,rn_InterBay2_489,0
2293,rn_InterBay2_49,0
2294,rn_InterBay2_490,0
2295,rn_InterBay2_491,0
2296,rn_InterBay2_492,0
2297,rn_InterBay2_493,0
2298,rn_InterBay2_494,0
2299,rn_InterBay2_495,0
2300,rn_InterBay2_496,0
2301,rn_InterBay2_497,0
2302,rn_InterBay2_498,0
2303,rn_InterBay2_499,0
2304,rn_InterBay2_5,0
2305,rn_InterBay2_50,0
2306,rn_InterBay2_500,0
2307,rn_InterBay2_501,0
2308,rn_InterBay2_502,0
2309,rn_InterBay2_503,0
2310,rn_InterBay2_504,0
2311,rn_InterBay2_505,0
2312,rn_InterBay2_506,0
2313,rn_InterBay2_507,0
2314,rn_InterBay2_508,0
2315,rn_InterBay2_509,0
2316,rn_InterBay2_51,0
2317,rn_InterBay2_510,0
2318,rn_InterBay2_511,0
2319,rn_InterBay2_512,0
2320,rn_InterBay2_513,0
2321,rn_InterBay2_514,0
2322,rn_InterBay2_515,0
2323,rn_InterBay2_516,0
2324,rn_InterBay2_517,0
2325,rn_InterBay2_518,0
2326,rn_InterBay2_519,0
2327,rn_InterBay2_52,0
2328,rn_InterBay2_520,0
2329,rn_InterBay2_521,0
2330,rn_InterBay2_522,0
2331,rn_InterBay2_523,0
2332,rn_InterBay2_524,0
2333,rn_InterBay2_525,0
2334,rn_InterBay2_526,0
2335,rn_InterBay2_527,0
2336,rn_InterBay2_528,0
2337,rn_InterBay2_529,0
2338,rn_InterBay2_53,0
2339,rn_InterBay2_530,0
2340,rn_InterBay2_531,0
2341,rn_InterBay2_532,0
2342,rn_InterBay2_533,0
2343,rn_InterBay2_534,0
2344,rn_InterBay2_535,0
2345,rn_InterBay2_536,0
2346,rn_InterBay2_537,0
2347,rn_InterBay2_538,0
2348,rn_InterBay2_539,0
2349,rn_InterBay2_54,0
2350,rn_InterBay2_540,0
2351,rn_InterBay2_541,0
2352,rn_InterBay2_542,0
2353,rn_InterBay2_543,0
2354,rn_InterBay2_544,0
2355,rn_InterBay2_545,0
2356,rn_InterBay2_546,0
2357,rn_InterBay2_547,0
2358,rn_InterBay2_548,0
2359,rn_InterBay2_549,0
2360,rn_InterBay2_55,0
2361,rn_InterBay2_550,0
2362,rn_InterBay2_551,0
2363,rn_InterBay2_552,0
2364,rn_InterBay2_553,0
2365,rn_InterBay2_554,0
2366,rn_InterBay2_555,0
2367,rn_InterBay2_556,0
2368,rn_InterBay2_557,0
2369,rn_InterBay2_558,0
2370,rn_InterBay2_559,0
2371,rn_InterBay2_56,0
2372,rn_InterBay2_560,0
2373,rn_InterBay2_561,0
2374,rn_InterBay2_562,0
2375,rn_InterBay2_563,0
2376,rn_InterBay2_564,0
2377,rn_InterBay2_565,0
2378,rn_InterBay2_566,0
2379,rn_InterBay2_567,0
2380,rn_InterBay2_568,0
2381,rn_InterBay2_569,0
2382,rn_InterBay2_57,0
2383,rn_InterBay2_570,0
2384,rn_InterBay2_58,0
2385,rn_InterBay2_59,0
2386,rn_InterBay2_6,0
2387,rn_InterBay2_60,0
2388,rn_InterBay2_61,0
2389,rn_InterBay2_62,0
2390,rn_InterBay2_63,0
2391,rn_InterBay2_64,0
2392,rn_InterBay2_65,0
2393,rn_InterBay2_66,0
2394,rn_InterBay2_67,0
2395,rn_InterBay2_68,0
2396,rn_InterBay2_69,0
2397,rn_InterBay2_7,0
2398,rn_InterBay2_70,0
2399,rn_InterBay2_71,0
2400,rn_InterBay2_72,0
2401,rn_InterBay2_73,0
2402,rn_InterBay2_74,0
2403,rn_InterBay2_75,0
2404,rn_InterBay2_76,0
2405,rn_InterBay2_77,0
2406,rn_InterBay2_78,0
2407,rn_InterBay2_79,0
2408,rn_InterBay2_8,0
2409,rn_InterBay2_80,0
2410,rn_InterBay2_81,0
2411,rn_InterBay2_82,0
2412,rn_InterBay2_83,0
2413,rn_InterBay2_84,0
2414,rn_InterBay2_85,0
2415,rn_InterBay2_86,0
2416,rn_InterBay2_87,0
2417,rn_InterBay2_88,0
2418,rn_InterBay2_89,0
2419,rn_InterBay2_9,0
2420,rn_InterBay2_90,0
2421,rn_InterBay2_91,0
2422,rn_InterBay2_92,0
2423,rn_InterBay2_93,0
2424,rn_InterBay2_94,0
2425,rn_InterBay2_95,0
2426,rn_InterBay2_96,0
2427,rn_InterBay2_97,0
2428,rn_InterBay2_98,0
2429,rn_InterBay2_99,0
2430,rn_InterBay3_1,0
2431,rn_InterBay3_10,0
2432,rn_InterBay3_100,0
2433,rn_InterBay3_101,0
2434,rn_InterBay3_102,0
2435,rn_InterBay3_103,0
2436,rn_InterBay3_104,0
2437,rn_InterBay3_105,0
2438,rn_InterBay3_106,0
2439,rn_InterBay3_107,0
2440,rn_InterBay3_108,0
2441,rn_InterBay3_109,0
2442,rn_InterBay3_11,0
2443,rn_InterBay3_110,0
2444,rn_InterBay3_111,0
2445,rn_InterBay3_112,0
2446,rn_InterBay3_113,0
2447,rn_InterBay3_114,0
2448,rn_InterBay3_115,0
2449,rn_InterBay3_116,0
2450,rn_InterBay3_117,0
2451,rn_InterBay3_118,0
2452,rn_InterBay3_119,0
2453,rn_InterBay3_12,0
2454,rn_InterBay3_120,0
2455,rn_InterBay3_121,0
2456,rn_InterBay3_122,0
2457,rn_InterBay3_123,0
2458,rn_InterBay3_124,0
2459,rn_InterBay3_125,0
2460,rn_InterBay3_126,0
2461,rn_InterBay3_127,0
2462,rn_InterBay3_128,0
2463,rn_InterBay3_129,0
2464,rn_InterBay3_13,0
2465,rn_InterBay3_130,0
2466,rn_InterBay3_131,0
2467,rn_InterBay3_132,0
2468,rn_InterBay3_133,0
2469,rn_InterBay3_134,0
2470,rn_InterBay3_135,0
2471,rn_InterBay3_136,0
2472,rn_InterBay3_137,0
2473,rn_InterBay3_138,0
2474,rn_InterBay3_139,0
2475,rn_InterBay3_14,0
2476,rn_InterBay3_140,0
2477,rn_InterBay3_141,0
2478,rn_InterBay3_142,0
2479,rn_InterBay3_143,0
2480,rn_InterBay3_144,0
2481,rn_InterBay3_145,0
2482,rn_InterBay3_146,0
2483,rn_InterBay3_147,0
2484,rn_InterBay3_148,0
2485,rn_InterBay3_149,0
2486,rn_InterBay3_15,0
2487,rn_InterBay3_150,0
2488,rn_InterBay3_151,0
2489,rn_InterBay3_152,0
2490,rn_InterBay3_153,0
2491,rn_InterBay3_154,0
2492,rn_InterBay3_155,0
2493,rn_InterBay3_156,0
2494,rn_InterBay3_157,0
2495,rn_InterBay3_158,0
2496,rn_InterBay3_159,0
2497,rn_InterBay3_16,0
2498,rn_InterBay3_160,0
2499,rn_InterBay3_161,0
2500,rn_InterBay3_162,0
2501,rn_InterBay3_163,0
2502,rn_InterBay3_164,0
2503,rn_InterBay3_165,0
2504,rn_InterBay3_166,0
2505,rn_InterBay3_167,0
2506,rn_InterBay3_168,0
2507,rn_InterBay3_169,0
2508,rn_InterBay3_17,0
2509,rn_InterBay3_170,0
2510,rn_InterBay3_171,0
2511,rn_InterBay3_172,0
2512,rn_InterBay3_173,0
2513,rn_InterBay3_174,0
2514,rn_InterBay3_175,0
2515,rn_InterBay3_176,0
2516,rn_InterBay3_177,0
2517,rn_InterBay3_178,0
2518,rn_InterBay3_179,0
2519,rn_InterBay3_18,0
2520,rn_InterBay3_180,0
2521,rn_InterBay3_181,0
2522,rn_InterBay3_182,0
2523,rn_InterBay3_183,0
2524,rn_InterBay3_184,0
2525,rn_InterBay3_185,0
2526,rn_InterBay3_186,0
2527,rn_InterBay3_187,0
2528,rn_InterBay3_188,0
2529,rn_InterBay3_189,0
2530,rn_InterBay3_19,0
2531,rn_InterBay3_190,0
2532,rn_InterBay3_191,0
2533,rn_InterBay3_192,0
2534,rn_InterBay3_193,0
2535,rn_InterBay3_194,0
2536,rn_InterBay3_195,0
2537,rn_InterBay3_196,0
2538,rn_InterBay3_197,0
2539,rn_InterBay3_198,0
2540,rn_InterBay3_199,0
2541,rn_InterBay3_2,0
2542,rn_InterBay3_20,0
2543,rn_InterBay3_200,0
2544,rn_InterBay3_201,0
2545,rn_InterBay3_202,0
2546,rn_InterBay3_203,0
2547,rn_InterBay3_204,0
2548,rn_InterBay3_205,0
2549,rn_InterBay3_206,0
2550,rn_InterBay3_207,0
2551,rn_InterBay3_208,0
2552,rn_InterBay3_209,0
2553,rn_InterBay3_21,0
2554,rn_InterBay3_210,0
2555,rn_InterBay3_211,0
2556,rn_InterBay3_212,0
2557,rn_InterBay3_213,0
2558,rn_InterBay3_214,0
2559,rn_InterBay3_215,0
2560,rn_InterBay3_216,0
2561,rn_InterBay3_217,0
2562,rn_InterBay3_218,0
2563,rn_InterBay3_219,0
2564,rn_InterBay3_22,0
2565,rn_InterBay3_220,0
2566,rn_InterBay3_221,0
2567,rn_InterBay3_222,0
2568,rn_InterBay3_223,0
2569,rn_InterBay3_224,0
2570,rn_InterBay3_225,0
2571,rn_InterBay3_226,0
2572,rn_InterBay3_227,0
2573,rn_InterBay3_228,0
2574,rn_InterBay3_229,0
2575,rn_InterBay3_23,0
2576,rn_InterBay3_230,0
2577,rn_InterBay3_231,0
2578,rn_InterBay3_232,0
2579,rn_InterBay3_233,0
2580,rn_InterBay3_234,0
2581,rn_InterBay3_235,0
2582,rn_InterBay3_236,0
2583,rn_InterBay3_237,0
2584,rn_InterBay3_238,0
2585,rn_InterBay3_239,0
2586,rn_InterBay3_24,0
2587,rn_InterBay3_240,0
2588,rn_InterBay3_241,0
2589,rn_InterBay3_242,0
2590,rn_InterBay3_243,0
2591,rn_InterBay3_244,0
2592,rn_InterBay3_245,0
2593,rn_InterBay3_246,0
2594,rn_InterBay3_247,0
2595,rn_InterBay3_248,0
2596,rn_InterBay3_249,0
2597,rn_InterBay3_25,0
2598,rn_InterBay3_250,0
2599,rn_InterBay3_251,0
2600,rn_InterBay3_252,0
2601,rn_InterBay3_253,0
2602,rn_InterBay3_254,0
2603,rn_InterBay3_255,0
2604,rn_InterBay3_256,0
2605,rn_InterBay3_257,0
2606,rn_InterBay3_258,0
2607,rn_InterBay3_259,0
2608,rn_InterBay3_26,0
2609,rn_InterBay3_260,0
2610,rn_InterBay3_261,0
2611,rn_InterBay3_262,0
2612,rn_InterBay3_263,0
2613,rn_InterBay3_264,0
2614,rn_InterBay3_265,0
2615,rn_InterBay3_266,0
2616,rn_InterBay3_267,0
2617,rn_InterBay3_268,0
2618,rn_InterBay3_269,0
2619,rn_InterBay3_27,0
2620,rn_InterBay3_270,0
2621,rn_InterBay3_271,0
2622,rn_InterBay3_272,0
2623,rn_InterBay3_273,0
2624,rn_InterBay3_274,0
2625,rn_InterBay3_275,0
2626,rn_InterBay3_276,0
2627,rn_InterBay3_277,0
2628,rn_InterBay3_278,0
2629,rn_InterBay3_279,0
2630,rn_InterBay3_28,0
2631,rn_InterBay3_280,0
2632,rn_InterBay3_281,0
2633,rn_InterBay3_282,0
2634,rn_InterBay3_283,0
2635,rn_InterBay3_284,0
2636,rn_InterBay3_285,0
2637,rn_InterBay3_286,0
2638,rn_InterBay3_287,0
2639,rn_InterBay3_288,0
2640,rn_InterBay3_289,0
2641,rn_InterBay3_29,0
2642,rn_InterBay3_290,0
2643,rn_InterBay3_291,0
2644,rn_InterBay3_292,0
2645,rn_InterBay3_293,0
2646,rn_InterBay3_294,0
2647,rn_InterBay3_295,0
2648,rn_InterBay3_296,0
2649,rn_InterBay3_297,0
2650,rn_InterBay3_298,0
2651,rn_InterBay3_299,0
2652,rn_InterBay3_3,0
2653,rn_InterBay3_30,0
2654,rn_InterBay3_300,0
2655,rn_InterBay3_301,0
2656,rn_InterBay3_302,0
2657,rn_InterBay3_303,0
2658,rn_InterBay3_304,0
2659,rn_InterBay3_305,0
2660,rn_InterBay3_306,0
2661,rn_InterBay3_307,0
2662,rn_InterBay3_308,0
2663,rn_InterBay3_309,0
2664,rn_InterBay3_31,0
2665,rn_InterBay3_310,0
2666,rn_InterBay3_311,0
2667,rn_InterBay3_312,0
2668,rn_InterBay3_313,0
2669,rn_InterBay3_314,0
2670,rn_InterBay3_315,0
2671,rn_InterBay3_316,0
2672,rn_InterBay3_317,0
2673,rn_InterBay3_318,0
2674,rn_InterBay3_319,0
2675,rn_InterBay3_32,0
2676,rn_InterBay3_320,0
2677,rn_InterBay3_321,0
2678,rn_InterBay3_322,0
2679,rn_InterBay3_323,0
2680,rn_InterBay3_324,0
2681,rn_InterBay3_325,0
2682,rn_InterBay3_326,0
2683,rn_InterBay3_327,0
2684,rn_InterBay3_328,0
2685,rn_InterBay3_329,0
2686,rn_InterBay3_33,0
2687,rn_InterBay3_330,0
2688,rn_InterBay3_331,0
2689,rn_InterBay3_332,0
2690,rn_InterBay3_333,0
2691,rn_InterBay3_334,0
2692,rn_InterBay3_335,0
2693,rn_InterBay3_336,0
2694,rn_InterBay3_337,0
2695,rn_InterBay3_338,0
2696,rn_InterBay3_339,0
2697,rn_InterBay3_34,0
2698,rn_InterBay3_340,0
2699,rn_InterBay3_341,0
2700,rn_InterBay3_342,0
2701,rn_InterBay3_343,0
2702,rn_InterBay3_344,0
2703,rn_InterBay3_345,0
2704,rn_InterBay3_346,0
2705,rn_InterBay3_347,0
2706,rn_InterBay3_348,0
2707,rn_InterBay3_349,0
2708,rn_InterBay3_35,0
2709,rn_InterBay3_350,0
2710,rn_InterBay3_351,0
2711,rn_InterBay3_352,0
2712,rn_InterBay3_353,0
2713,rn_InterBay3_354,0
2714,rn_InterBay3_355,0
2715,rn_InterBay3_356,0
2716,rn_InterBay3_357,0
2717,rn_InterBay3_358,0
2718,rn_InterBay3_359,0
2719,rn_InterBay3_36,0
2720,rn_InterBay3_360,0
2721,rn_InterBay3_361,0
2722,rn_InterBay3_362,0
2723,rn_InterBay3_363,0
2724,rn_InterBay3_364,0
2725,rn_InterBay3_365,0
2726,rn_InterBay3_366,0
2727,rn_InterBay3_367,0
2728,rn_InterBay3_368,0
2729,rn_InterBay3_369,0
2730,rn_InterBay3_37,0
2731,rn_InterBay3_370,0
2732,rn_InterBay3_371,0
2733,rn_InterBay3_372,0
2734,rn_InterBay3_373,0
2735,rn_InterBay3_374,0
2736,rn_InterBay3_375,0
2737,rn_InterBay3_376,0
2738,rn_InterBay3_377,0
2739,rn_InterBay3_378,0
2740,rn_InterBay3_379,0
2741,rn_InterBay3_38,0
2742,rn_InterBay3_380,0
2743,rn_InterBay3_381,0
2744,rn_InterBay3_382,0
2745,rn_InterBay3_383,0
2746,rn_InterBay3_384,0
2747,rn_InterBay3_385,0
2748,rn_InterBay3_386,0
2749,rn_InterBay3_387,0
2750,rn_InterBay3_388,0
2751,rn_InterBay3_389,0
2752,rn_InterBay3_39,0
2753,rn_InterBay3_390,0
2754,rn_InterBay3_391,0
2755,rn_InterBay3_392,0
2756,rn_InterBay3_393,0
2757,rn_InterBay3_394,0
2758,rn_InterBay3_395,0
2759,rn_InterBay3_396,0
2760,rn_InterBay3_397,0
2761,rn_InterBay3_398,0
2762,rn_InterBay3_399,0
2763,rn_InterBay3_4,0
2764,rn_InterBay3_40,0
2765,rn_InterBay3_400,0
2766,rn_InterBay3_401,0
2767,rn_InterBay3_402,0
2768,rn_InterBay3_403,0
2769,rn_InterBay3_404,0
2770,rn_InterBay3_405,0
2771,rn_InterBay3_406,1
2772,rn_InterBay3_407,1
2773,rn_InterBay3_408,0
2774,rn_InterBay3_409,0
2775,rn_InterBay3_41,0
2776,rn_InterBay3_410,0
2777,rn_InterBay3_411,0
2778,rn_InterBay3_412,0
2779,rn_InterBay3_413,0
2780,rn_InterBay3_414,0
2781,rn_InterBay3_415,0
2782,rn_InterBay3_416,0
2783,rn_InterBay3_417,0
2784,rn_InterBay3_418,0
2785,rn_InterBay3_419,0
2786,rn_InterBay3_42,0
2787,rn_InterBay3_420,1
2788,rn_InterBay3_421,1
2789,rn_InterBay3_422,0
2790,rn_InterBay3_423,0
2791,rn_InterBay3_424,0
2792,rn_InterBay3_425,0
2793,rn_InterBay3_426,0
2794,rn_InterBay3_427,0
2795,rn_InterBay3_428,0
2796,rn_InterBay3_43,0
2797,rn_InterBay3_44,0
2798,rn_InterBay3_45,0
2799,rn_InterBay3_46,0
2800,rn_InterBay3_47,0
2801,rn_InterBay3_48,0
2802,rn_InterBay3_49,0
2803,rn_InterBay3_5,0
2804,rn_InterBay3_50,0
2805,rn_InterBay3_51,0
2806,rn_InterBay3_52,0
2807,rn_InterBay3_53,0
2808,rn_InterBay3_54,0
2809,rn_InterBay3_55,0
2810,rn_InterBay3_56,0
2811,rn_InterBay3_57,0
2812,rn_InterBay3_58,0
2813,rn_InterBay3_59,0
2814,rn_InterBay3_6,0
2815,rn_InterBay3_60,0
2816,rn_InterBay3_61,0
2817,rn_InterBay3_62,0
2818,rn_InterBay3_63,0
2819,rn_InterBay3_64,0
2820,rn_InterBay3_65,0
2821,rn_InterBay3_66,0
2822,rn_InterBay3_67,0
2823,rn_InterBay3_68,0
2824,rn_InterBay3_69,0
2825,rn_InterBay3_7,0
2826,rn_InterBay3_70,0
2827,rn_InterBay3_71,0
2828,rn_InterBay3_72,0
2829,rn_InterBay3_73,0
2830,rn_InterBay3_74,0
2831,rn_InterBay3_75,0
2832,rn_InterBay3_76,0
2833,rn_InterBay3_77,0
2834,rn_InterBay3_78,0
2835,rn_InterBay3_79,0
2836,rn_InterBay3_8,0
2837,rn_InterBay3_80,0
2838,rn_InterBay3_81,0
2839,rn_InterBay3_82,0
2840,rn_InterBay3_83,0
2841,rn_InterBay3_84,0
2842,rn_InterBay3_85,0
2843,rn_InterBay3_86,0
2844,rn_InterBay3_87,0
2845,rn_InterBay3_88,0
2846,rn_InterBay3_89,0
2847,rn_InterBay3_9,0
2848,rn_InterBay3_90,0
2849,rn_InterBay3_91,0
2850,rn_InterBay3_92,0
2851,rn_InterBay3_93,0
2852,rn_InterBay3_94,0
2853,rn_InterBay3_95,0
2854,rn_InterBay3_96,0
2855,rn_InterBay3_97,0
2856,rn_InterBay3_98,0
2857,rn_InterBay3_99,0
